"dataset","n","w_raw","p_raw","w_log","p_log","loglik_norm","aic_norm","bic_norm","loglik_exp","aic_exp","bic_exp"
"Abhimanyu",208,0.185,3.75e-29,0.901,1.66e-10,-1427.7,2859.4,2866.1,428.5,-855,-851.7
"IL6MIDJA",382,0.546,3.14e-30,0.984,0.000266,-826.8,1657.7,1665.6,2067.2,-4132.4,-4128.4
"IL6MIDUS",1241,0.095,2.35e-60,0.948,1.55e-20,-3622.3,7248.6,7258.8,7024.7,-14047.3,-14042.2
"IL6MIDUS2",1243,0.654,1.57e-44,0.991,7.35e-07,-3147.2,6298.4,6308.6,5960.8,-11919.6,-11914.5
"Imaeda",121,0.153,2.55e-23,0.951,0.000236,-1530.7,3065.5,3071.1,-434.2,870.4,873.2
"Imaeda_v",54,0.309,1.63e-14,0.951,0.0263,-603,1210,1213.9,-140.5,283,285
"Lekander",437,0.828,2.64e-21,0.986,0.000257,-930.5,1864.9,1873.1,2223.9,-4445.8,-4441.7
"Sothern",100,0.465,2.13e-17,0.863,3.59e-08,-420.8,845.7,850.9,376.7,-751.4,-748.8
"Wand",160,0.283,1.12e-24,0.99,0.347,-1540.4,3084.8,3091,-176.7,355.3,358.4
