"dataset","n","w_raw","p_raw","w_log","p_log","loglike_norm","aic_norm","bic_norm","loglike_exp","aic_exp","bic_exp"
"Abhimanyu",208,0.185095963959718,3.7480895836639e-29,0.901151269226082,1.66358963693347e-10,-1427.71916135914,2859.43832271828,2866.11339887768,428.504272996496,-855.008545992992,-851.671007913291
"IL6MIDJA",382,0.546281777889824,3.13663022706406e-30,0.983715244281763,0.0002655974599366,-826.832762871489,1657.66552574298,1665.55636696019,2067.19145810838,-4132.38291621675,-4128.43749560815
"IL6MIDUS",1241,0.0953437774765065,2.35092501519154e-60,0.947890886470487,1.54954990524815e-20,-3622.28208258363,7248.56416516726,7258.81151073767,7024.67104520198,-14047.342090404,-14042.2184176188
"IL6MIDUS2",1243,0.653867425540245,1.57490397989538e-44,0.991062115548009,7.34535791679186e-07,-3147.18976985875,6298.37953971751,6308.63010590053,5960.80726814889,-11919.6145362978,-11914.4892532063
"Imaeda",121,0.152928704424471,2.55233424623157e-23,0.950889770022001,0.00023553602643667,-1530.74133255407,3065.48266510814,3071.07424619933,-434.187421647696,870.374843295392,873.170633840989
"Imaeda_v",54,0.309097277716006,1.62865404452092e-14,0.950557127926624,0.0263087526881499,-602.978070116205,1209.95614023241,1213.93410832554,-140.498909133573,282.997818267145,284.986802313709
"Lekander",437,0.828182443265464,2.64036330216231e-21,0.985641743574454,0.00025711654966455,-930.456864207786,1864.91372841557,1873.07359480576,2223.87720006241,-4445.75440012482,-4441.67446692972
"Sothern",100,0.464541758524051,2.13412551562112e-17,0.862667403588127,3.58801272373964e-08,-420.844665664625,845.689331329251,850.899671701227,376.70892954139,-751.41785908278,-748.812688896792
"Wand",160,0.283300052312954,1.11854775176541e-24,0.990331458490142,0.346811355475884,-1540.42072381491,3084.84144762982,3090.99179526028,-176.663357345926,355.326714691852,358.401888507086
