"","dataset","loglike","aic","bic"
"1","Abhimanyu",-1427.71916135914,2859.43832271828,2866.11339887768
