"","dataset","loglike","aic","bic"
"1","Abhimanyu",-1008.30882503179,2018.61765006358,2021.95518814328
