"","dataset","loglike","aic","bic"
"1","Imaeda",-1530.74133255407,3065.48266510814,3071.07424619933
