"","dataset","loglike","aic","bic"
"1","Imaeda_v",-602.978070116205,1209.95614023241,1213.93410832554
