"","dataset","loglike","aic","bic"
"1","Lekander",-930.456864207786,1864.91372841557,1873.07359480576
