"","dataset","loglike","aic","bic"
"1","Sothern",-420.844665664625,845.689331329251,850.899671701227
