"","dataset","loglike","aic","bic"
"1","Wand",-1540.42072381491,3084.84144762982,3090.99179526028
